threshold,actor_precision,actor_recall,actor_f1,mean_ttd,iw_ttd,sdp,avg_degraded_mode_duration
3,1.0,1.0,1.0,53.98,50.256180032831864,1.0,240.0
4,0.5,0.38,0.42777777777777776,126.55,187.51817428453853,1.0,240.0
5,0.0,0.0,0.0,,232.27386185587142,1.0,240.0
6,0.0,0.0,0.0,,232.27386185587142,1.0,240.0
7,0.0,0.0,0.0,,232.27386185587142,1.0,240.0
